EPOCH,LAYER_NAME,MEAN,STD,MIN,MAX,LAYER_NAME,MEAN,STD,MIN,MAX,LAYER_NAME,MEAN,STD,MIN,MAX,LAYER_NAME,MEAN,STD,MIN,MAX
1,conv1,0.02360675297677517,0.13448135554790497,-0.22603574395179749,0.3153923451900482,conv2,-0.0017770692938938737,0.04077798128128052,-0.14224696159362793,0.12062340974807739,fc1,0.0005837214994244277,0.03432130813598633,-0.10616759955883026,0.11540361493825912,fc2,-0.0007557406788691878,0.09964851289987564,-0.21620884537696838,0.2070528268814087
2,conv1,0.023058127611875534,0.14571544528007507,-0.29560697078704834,0.350236177444458,conv2,-0.003322415053844452,0.04454795643687248,-0.16646240651607513,0.14741861820220947,fc1,0.00020211540686432272,0.03701222315430641,-0.13294950127601624,0.1215822845697403,fc2,-0.0007557410281151533,0.11576715856790543,-0.2516002953052521,0.2219429314136505
