OVERALL_TRAIN_ACCURACY,OVERALL_TEST_ACCURACY,TRAIN_ACC_0,TEST_ACC_0,TRAIN_ACC_1,TEST_ACC_1,TRAIN_ACC_2,TEST_ACC_2,TRAIN_ACC_3,TEST_ACC_3,TRAIN_ACC_4,TEST_ACC_4,TRAIN_ACC_5,TEST_ACC_5,TRAIN_ACC_6,TEST_ACC_6,TRAIN_ACC_7,TEST_ACC_7,TRAIN_ACC_8,TEST_ACCURACY_8,TRAIN_ACCURACY_9,TEST_ACCURACY_9
90.04399871826172,86.95999908447266,90.38,84.6,93.02,92.5,85.34,81.6,81.6,73.7,89.94,86.1,80.8,80.6,95.62,94.2,91.22,87.7,96.44,94.5,96.08,94.1
89.64399719238281,87.16999816894531,89.66,87.9,95.16,94.3,82.44,76.6,79.66,74.1,91.46,89.6,84.0,83.0,93.34,91.4,90.16,87.9,95.68,93.5,94.88,93.4
88.75,85.69000244140625,79.0,76.8,95.32,94.2,87.2,81.1,72.16,64.1,89.4,86.2,87.86,86.3,95.4,94.1,90.18,87.6,96.4,93.8,94.58,92.7
85.14199829101562,82.04000091552734,39.78,31.1,94.96,94.1,88.02,82.6,79.64,73.7,92.22,91.3,80.08,79.2,93.14,90.7,92.08,89.5,97.26,95.8,94.24,92.4
87.59600067138672,85.08999633789062,65.52,62.9,95.34,93.9,86.12,81.1,82.44,75.9,90.46,89.3,80.7,79.3,94.62,93.4,90.34,88.8,96.96,95.3,93.46,91.0
80.92400360107422,78.16999816894531,0.14,0.3,95.68,94.7,85.1,79.0,80.54,72.8,91.44,88.8,83.48,82.3,95.04,93.6,86.52,83.4,97.26,95.3,94.04,91.5
81.05799865722656,78.56999969482422,0.0,0.0,95.78,94.9,83.26,77.2,83.94,76.6,90.38,88.1,82.9,82.1,92.7,90.4,91.5,90.1,96.22,94.6,93.9,91.7
80.91000366210938,78.72000122070312,0.0,0.0,94.76,94.9,85.08,79.8,78.66,71.4,90.38,89.4,83.8,83.4,93.34,91.0,92.56,90.5,95.84,93.9,94.68,92.9
