OVERALL_TRAIN_ACCURACY,OVERALL_TEST_ACCURACY,TRAIN_ACC_0,TEST_ACC_0,TRAIN_ACC_1,TEST_ACC_1,TRAIN_ACC_2,TEST_ACC_2,TRAIN_ACC_3,TEST_ACC_3,TRAIN_ACC_4,TEST_ACC_4,TRAIN_ACC_5,TEST_ACC_5,TRAIN_ACC_6,TEST_ACC_6,TRAIN_ACC_7,TEST_ACC_7,TRAIN_ACC_8,TEST_ACCURACY_8,TRAIN_ACCURACY_9,TEST_ACCURACY_9
89.5719985961914,86.83000183105469,88.16,85.2,96.24,95.6,85.74,81.2,80.9,74.7,91.0,89.1,80.0,78.5,93.78,91.0,90.92,88.0,97.56,95.6,91.42,89.4
89.83000183105469,86.8499984741211,91.52,87.6,94.14,93.4,84.9,80.3,85.34,79.7,90.46,87.5,79.98,78.1,93.6,90.4,90.22,87.4,94.96,92.6,93.18,91.5
89.1259994506836,85.95999908447266,80.78,77.9,95.92,95.3,85.24,79.4,81.06,75.8,91.34,88.2,84.1,81.8,91.98,88.7,91.04,87.4,96.48,95.1,93.32,90.0
88.52799987792969,85.58000183105469,80.58,77.7,95.48,94.7,83.54,76.0,71.62,67.4,91.48,89.6,88.06,85.8,92.26,90.7,90.52,87.0,97.08,94.9,94.66,92.0
87.88800048828125,85.01000213623047,67.42,62.7,95.46,94.7,86.86,82.0,80.2,75.0,88.84,86.3,80.24,78.5,95.8,94.3,91.9,87.8,97.98,96.0,94.18,92.8
80.64600372314453,78.20999908447266,0.14,0.1,95.44,94.1,85.86,81.6,75.18,70.4,90.16,87.8,85.82,84.1,94.44,93.0,88.54,84.9,96.84,94.5,94.04,91.6
80.91999816894531,78.5,0.0,0.0,95.56,95.2,84.92,80.7,77.32,71.2,91.78,89.6,83.92,81.4,93.66,92.0,91.4,89.5,96.64,94.5,94.0,90.9
80.85199737548828,78.44999694824219,0.0,0.0,95.72,95.3,85.92,81.5,78.12,72.7,90.9,87.5,82.38,81.5,94.04,92.5,92.92,90.5,95.3,92.8,93.22,90.2
