NUM_MALICIOUS_AGENTS,2_TEST_ACCURACY
0,76.12403100775194
1,77.32558139534883
5,75.60077519379846
10,67.6937984496124
15,44.39922480620155
20,46.97674418604652
25,34.84496124031008
30,0.0
