NUM_MALICIOUS_AGENTS,OVERALL_TEST_ACCURACY
0,86.10400085449218
1,85.73800048828124
5,85.58600006103515
10,84.9740005493164
15,81.49199981689453
20,82.65999908447266
25,79.87200012207032
30,75.45600128173828
