NUM_MALICIOUS_AGENTS,0_TEST_ACCURACY
0,85.0
1,85.23999999999998
5,76.76
10,60.55999999999999
15,41.040000000000006
20,7.58
25,0.0
30,0.0
