OVERALL_TRAIN_ACCURACY,OVERALL_TEST_ACCURACY,TRAIN_ACC_0,TEST_ACC_0,TRAIN_ACC_1,TEST_ACC_1,TRAIN_ACC_2,TEST_ACC_2,TRAIN_ACC_3,TEST_ACC_3,TRAIN_ACC_4,TEST_ACC_4,TRAIN_ACC_5,TEST_ACC_5,TRAIN_ACC_6,TEST_ACC_6,TRAIN_ACC_7,TEST_ACC_7,TRAIN_ACC_8,TEST_ACCURACY_8,TRAIN_ACCURACY_9,TEST_ACCURACY_9
89.81999969482422,86.95999908447266,87.94,84.7,95.6,94.7,86.2,79.3,81.92,75.5,90.32,88.5,79.04,79.7,94.6,92.0,91.7,88.1,96.28,94.0,94.6,93.1
89.56199645996094,86.98999786376953,87.26,83.8,94.14,93.8,86.44,81.7,80.36,74.6,90.6,88.2,79.64,78.4,94.24,92.8,90.32,88.0,96.48,93.8,96.14,94.8
88.52799987792969,86.19999694824219,77.62,74.9,93.76,93.1,82.8,78.6,77.22,70.3,92.22,90.0,83.64,83.9,94.18,93.1,90.62,88.0,96.62,95.4,96.6,94.7
88.48999786376953,85.5199966430664,72.28,68.5,95.18,95.1,87.44,82.0,80.28,75.0,91.26,88.1,84.02,82.2,92.38,88.8,89.94,87.0,96.92,95.2,95.2,93.3
89.30999755859375,86.70999908447266,81.36,78.2,94.54,93.7,84.9,79.4,84.92,78.6,90.16,88.2,80.04,79.4,93.2,91.5,92.32,90.8,96.92,94.3,94.74,93.0
83.53600311279297,81.43000030517578,22.58,24.8,94.56,94.2,86.12,79.8,81.68,77.3,89.5,87.9,81.88,79.0,94.46,92.0,91.94,90.9,97.18,95.4,95.46,93.0
80.58399963378906,77.62000274658203,0.0,0.0,95.68,95.0,84.4,78.2,78.54,71.5,91.52,87.9,82.72,80.3,94.56,93.1,88.6,85.1,97.06,94.9,92.76,90.2
81.00199890136719,78.25,0.0,0.0,94.94,93.2,85.56,79.8,83.08,75.9,89.66,88.8,82.12,80.5,92.68,90.9,90.92,88.1,96.52,93.9,94.54,91.4
