OVERALL_TRAIN_ACCURACY,OVERALL_TEST_ACCURACY,TRAIN_ACC_0,TEST_ACC_0,TRAIN_ACC_1,TEST_ACC_1,TRAIN_ACC_2,TEST_ACC_2,TRAIN_ACC_3,TEST_ACC_3,TRAIN_ACC_4,TEST_ACC_4,TRAIN_ACC_5,TEST_ACC_5,TRAIN_ACC_6,TEST_ACC_6,TRAIN_ACC_7,TEST_ACC_7,TRAIN_ACC_8,TEST_ACCURACY_8,TRAIN_ACCURACY_9,TEST_ACCURACY_9
89.83399963378906,87.2300033569336,90.4,87.2,95.3,95.3,85.96,80.9,77.04,71.4,92.26,91.0,82.1,80.2,92.92,91.3,92.0,89.0,95.28,93.1,95.08,92.9
89.30999755859375,86.30000305175781,81.72,77.5,96.32,95.3,88.34,83.0,72.72,66.8,91.26,88.4,84.5,82.4,94.26,93.2,92.22,88.9,96.86,95.2,94.9,92.3
89.61199951171875,86.52999877929688,85.0,81.5,94.76,94.1,86.5,81.7,76.14,69.6,91.22,87.7,85.3,82.9,94.14,92.6,91.34,87.9,96.74,94.6,94.98,92.7
87.9520034790039,84.87999725341797,70.2,67.4,96.3,95.6,87.16,83.5,78.96,72.0,90.02,84.5,81.6,78.8,96.1,95.5,90.64,88.6,97.4,95.0,91.14,87.9
80.8280029296875,78.29000091552734,0.0,0.0,96.22,95.6,84.3,79.2,80.98,73.4,91.72,90.2,79.0,76.4,94.28,92.4,91.22,89.6,96.68,93.8,93.88,92.3
80.83200073242188,78.77999877929688,0.0,0.0,96.4,95.8,86.94,84.5,76.02,71.3,89.68,87.7,84.1,82.5,93.32,92.0,92.76,90.3,95.8,93.1,93.3,90.6
80.90399932861328,78.19999694824219,0.0,0.0,95.22,93.6,85.98,81.0,80.56,74.1,90.22,87.0,82.04,80.3,92.76,90.8,90.76,88.6,97.28,94.9,94.22,91.7
80.69000244140625,78.1500015258789,0.0,0.0,96.54,95.6,88.4,83.4,81.78,76.3,90.54,88.3,76.02,76.3,93.12,89.5,92.46,90.6,95.28,92.7,92.76,88.8
