NUM_MALICIOUS_AGENTS,OVERALL_TEST_ACCURACY
0,86.96800079345704
1,86.91800079345703
5,86.20800018310547
10,84.69399871826172
15,82.6519989013672
20,79.4239990234375
25,78.27200012207031
30,78.38200073242187
