OVERALL_TRAIN_ACCURACY,OVERALL_TEST_ACCURACY,TRAIN_ACC_0,TEST_ACC_0,TRAIN_ACC_1,TEST_ACC_1,TRAIN_ACC_2,TEST_ACC_2,TRAIN_ACC_3,TEST_ACC_3,TRAIN_ACC_4,TEST_ACC_4,TRAIN_ACC_5,TEST_ACC_5,TRAIN_ACC_6,TEST_ACC_6,TRAIN_ACC_7,TEST_ACC_7,TRAIN_ACC_8,TEST_ACCURACY_8,TRAIN_ACCURACY_9,TEST_ACCURACY_9
89.45800018310547,86.93000030517578,89.34,85.2,95.1,93.8,82.28,77.1,75.1,69.3,92.78,91.3,84.04,83.5,94.06,93.2,90.68,88.3,96.48,94.5,94.72,93.1
89.97000122070312,87.22000122070312,90.76,89.1,95.7,94.9,81.7,76.6,78.58,73.0,89.6,86.0,84.18,82.7,95.5,94.6,93.18,89.5,95.54,93.3,94.96,92.5
89.74400329589844,87.08000183105469,86.46,83.4,94.94,93.6,85.82,81.2,77.8,72.0,91.14,87.2,82.0,82.5,94.02,92.8,93.08,90.5,97.12,95.1,95.06,92.5
88.2300033569336,85.5999984741211,69.9,68.1,92.54,90.5,87.32,82.6,80.0,74.4,90.42,88.4,83.22,81.2,94.06,91.4,92.28,90.1,97.8,96.0,94.76,93.3
87.89199829101562,85.06999969482422,66.38,63.6,96.4,94.9,86.52,79.9,75.34,70.5,90.94,87.9,85.48,84.5,93.44,91.2,93.24,91.0,96.82,95.3,94.36,91.9
82.52999877929688,80.06999969482422,14.14,12.8,95.88,95.5,84.94,78.9,78.52,72.2,90.52,88.5,85.56,85.1,93.6,91.7,91.04,88.4,96.84,94.7,94.26,92.9
81.16999816894531,78.48999786376953,0.0,0.0,93.24,91.8,86.38,79.6,76.58,71.4,91.1,87.6,83.02,81.1,95.22,93.9,94.14,91.6,96.42,94.5,95.6,93.4
80.44599914550781,78.29000091552734,0.0,0.0,94.62,92.7,82.9,78.5,76.6,69.9,93.52,91.6,80.68,80.7,94.06,92.6,91.1,90.4,96.9,94.4,94.08,92.1
