NUM_MAL_AGENTS,AVG_TESTING_ACCURACY
0,86.91199999999999
1,84.224
5,71.556
10,60.364
15,50.23800000000001
20,47.80800000000001
25,44.662
30,42.412
