NUM_ATTACKS,TRAIN_ACCURACY,TEST_ACCURACY
0,92.58999633789062,93.05999755859375
1,91.15333557128906,91.66000366210938
5,92.711669921875,93.43000030517578
10,91.68333435058594,91.87999725341797
15,92.7316665649414,93.41999816894531
20,92.02333068847656,92.61000061035156
25,91.45166778564453,92.04000091552734
30,90.69166564941406,91.55000305175781
