NUM_ATTACKS,TRAIN_ACCURACY,TEST_ACCURACY
0,99.05000305175781,98.95999908447266
1,99.00499725341797,98.98999786376953
5,98.56500244140625,98.56999969482422
10,98.5616683959961,98.5199966430664
15,98.2933349609375,98.43000030517578
20,98.13666534423828,98.08000183105469
25,98.04000091552734,98.12999725341797
30,97.81500244140625,97.7699966430664
