NUM_ATTACKS,TRAIN_ACCURACY,TEST_ACCURACY
0,99.05166625976562,98.86000061035156
1,98.99500274658203,98.87999725341797
5,98.6866683959961,98.83999633789062
10,98.53166961669922,98.41999816894531
15,98.211669921875,98.20999908447266
20,98.15333557128906,98.27999877929688
25,97.93000030517578,98.0199966430664
30,97.77333068847656,97.93000030517578
