NUM_ATTACKS,TRAIN_ACCURACY,TEST_ACCURACY
0,99.086669921875,98.83999633789062
1,98.92666625976562,98.94000244140625
5,98.75666809082031,98.6500015258789
10,98.5433349609375,98.56999969482422
15,98.3066635131836,98.30999755859375
20,98.05999755859375,98.13999938964844
25,97.99500274658203,98.2300033569336
30,97.73833465576172,97.80000305175781
