NUM_ATTACKS,TRAIN_ACCURACY,TEST_ACCURACY
0,98.94166564941406,98.87999725341797
1,98.99166870117188,98.98999786376953
5,98.73666381835938,98.81999969482422
10,98.461669921875,98.51000213623047
15,98.26333618164062,98.38999938964844
20,98.1449966430664,98.23999786376953
25,97.80333709716797,97.91999816894531
30,97.54000091552734,97.91000366210938
