NUM_ATTACKS,TRAIN_ACCURACY,TEST_ACCURACY
0,99.05333709716797,98.9800033569336
1,98.91500091552734,98.9000015258789
5,98.62166595458984,98.5
10,98.56666564941406,98.6500015258789
15,98.22333526611328,98.47000122070312
20,98.17666625976562,98.2699966430664
25,98.12833404541016,98.27999877929688
30,97.64167022705078,97.6500015258789
