NUM_ATTACKS,TRAIN_ACCURACY,TEST_ACCURACY
0,91.83000183105469,92.47000122070312
1,91.69999694824219,91.9000015258789
5,92.40833282470703,92.95999908447266
10,90.62000274658203,91.26000213623047
15,91.46333312988281,92.01000213623047
20,93.08833312988281,93.66000366210938
25,92.2683334350586,92.7300033569336
30,91.16166687011719,91.9800033569336
