OVERALL_TRAIN_ACCURACY,OVERALL_TEST_ACCURACY,TRAIN_ACC_0,TEST_ACC_0,TRAIN_ACC_1,TEST_ACC_1,TRAIN_ACC_2,TEST_ACC_2,TRAIN_ACC_3,TEST_ACC_3,TRAIN_ACC_4,TEST_ACC_4,TRAIN_ACC_5,TEST_ACC_5,TRAIN_ACC_6,TEST_ACC_6,TRAIN_ACC_7,TEST_ACC_7,TRAIN_ACC_8,TEST_ACCURACY_8,TRAIN_ACCURACY_9,TEST_ACCURACY_9
89.57599639892578,86.76000213623047,85.2,83.3,95.54,94.8,90.26,85.4,75.3,67.0,91.02,87.9,83.22,83.1,94.48,92.4,89.48,87.1,96.52,94.4,94.74,92.2
89.43000030517578,86.91000366210938,90.08,87.9,95.38,94.9,82.68,76.0,80.74,76.0,91.26,89.7,75.58,76.0,94.44,92.9,93.34,90.7,97.42,94.7,93.38,90.3
88.31999969482422,85.54000091552734,71.5,67.2,93.54,92.4,89.06,84.3,81.88,74.2,89.66,87.6,82.12,81.6,92.48,91.0,89.76,88.2,97.38,95.0,95.82,93.9
87.96800231933594,85.43000030517578,69.3,67.7,94.88,93.4,86.38,81.0,74.56,68.2,90.48,89.4,84.58,83.7,94.26,92.1,92.62,89.6,97.52,95.9,95.1,93.3
80.93399810791016,78.0999984741211,0.64,0.5,94.34,93.2,83.26,77.6,78.04,70.2,90.56,87.6,83.08,81.1,94.58,92.6,91.98,88.6,97.5,95.8,95.36,93.8
81.08000183105469,78.66999816894531,0.0,0.0,95.34,94.3,88.34,82.5,81.38,75.3,91.04,87.8,79.3,78.6,94.54,93.0,90.64,87.7,96.1,94.0,94.12,93.5
80.61399841308594,78.4800033569336,0.0,0.0,94.66,93.3,87.1,83.2,74.34,68.4,89.68,86.8,83.26,82.5,94.18,93.9,92.38,90.5,96.52,94.2,94.02,92.0
80.86000061035156,78.5,0.0,0.0,94.66,93.8,87.58,83.1,77.18,72.5,90.7,88.5,83.96,82.0,94.0,92.0,89.66,86.8,96.22,94.0,94.64,92.3
